model,n_clusters,cluster_min_size,cluster_max_size,silhouette_score,wcss
pcareducedk5,5,115,260,0.3011640831910114,4721.446845355497
pcareducedk22,22,20,82,0.2584411568044335,1772.6002339545164
